url,fullname,name,surname,country,noc_code,discipline,discipline_code
https://en.asiangames2018.id/athletes/athlete/ABDUL-RASHEED-Zeina-3004539/,ABDUL RASHEED Zeina,ZEINA,ABDUL RASHEED,Maldives,MDV,Tennis,TE
https://en.asiangames2018.id/athletes/athlete/ABDULLA-Faaih-Fazeel-3004526/,ABDULLA Faaih Fazeel,FAAIH FAZEEL,ABDULLA,Maldives,MDV,Tennis,TE
https://en.asiangames2018.id/athletes/athlete/ABDURAIMOVA-Nigina-3001257/,ABDURAIMOVA Nigina,NIGINA,ABDURAIMOVA,Uzbekistan,UZB,Tennis,TE
https://en.asiangames2018.id/athletes/athlete/ABID-Muhammad-3005105/,ABID Muhammad,MUHAMMAD,ABID,Pakistan,PAK,Tennis,TE
https://en.asiangames2018.id/athletes/athlete/AHMED-Akram-3004531/,AHMED Akram,AKRAM,AHMED,Maldives,MDV,Tennis,TE
https://en.asiangames2018.id/athletes/athlete/AHMED-Saai-Waheed-3004520/,AHMED Saai Waheed,SAAI WAHEED,AHMED,Maldives,MDV,Tennis,TE
https://en.asiangames2018.id/athletes/athlete/AINITDINOVA-Gozal-3028790/,AINITDINOVA Gozal,GOZAL,AINITDINOVA,Kazakhstan,KAZ,Tennis,TE
https://en.asiangames2018.id/athletes/athlete/AKBAR-Mohammad-Abid-Ali-Khan-3005104/,AKBAR Mohammad Abid Ali Khan,MOHAMMAD ABID ALI KHAN,AKBAR,Pakistan,PAK,Tennis,TE
https://en.asiangames2018.id/athletes/athlete/AL-HARRASI-Issa-3001249/,AL HARRASI Issa,ISSA,AL HARRASI,Qatar,QAT,Tennis,TE
https://en.asiangames2018.id/athletes/athlete/AL-NABHANI-Fatma-Talib-Sulaiman-3000005/,AL NABHANI Fatma Talib Sulaiman,FATMA TALIB SULAIMAN,AL NABHANI,Oman,OMA,Tennis,TE
https://en.asiangames2018.id/athletes/athlete/AL-NABHANI-Mohammed-Talib-Sulaiman-3000006/,AL NABHANI Mohammed Talib Sulaiman,MOHAMMED TALIB SULAIMAN,AL NABHANI,Oman,OMA,Tennis,TE
https://en.asiangames2018.id/athletes/athlete/ALCANTARA-Francis-Casey-3005595/,ALCANTARA Francis Casey,FRANCIS CASEY,ALCANTARA,Philippines,PHI,Tennis,TE
https://en.asiangames2018.id/athletes/athlete/ALMUTAWA-Jabor-3002511/,ALMUTAWA Jabor,JABOR,ALMUTAWA,Qatar,QAT,Tennis,TE
https://en.asiangames2018.id/athletes/athlete/ALTANSARNAI-Jargal-3028144/,ALTANSARNAI Jargal,JARGAL,ALTANSARNAI,Mongolia,MGL,Tennis,TE
https://en.asiangames2018.id/athletes/athlete/AMANMURADOVA-Akgul-3001252/,AMANMURADOVA Akgul,AKGUL,AMANMURADOVA,Uzbekistan,UZB,Tennis,TE
https://en.asiangames2018.id/athletes/athlete/BABAK-Evgenii-3022885/,BABAK Evgenii,EVGENII,BABAK,Kyrgyzstan,KGZ,Tennis,TE
https://en.asiangames2018.id/athletes/athlete/BADI-Amir-Hossein-3023364/,BADI Amir Hossein,AMIR HOSSEIN,BADI,IR Iran,IRI,Tennis,TE
https://en.asiangames2018.id/athletes/athlete/BAJRACHARYA-Samrakshyak-Bhushan-3027338/,BAJRACHARYA Samrakshyak Bhushan,SAMRAKSHYAK BHUSHAN,BAJRACHARYA,Nepal,NEP,Tennis,TE
https://en.asiangames2018.id/athletes/athlete/BANI-SAEID-Shahrzad-3023368/,BANI SAEID Shahrzad,SHAHRZAD,BANI SAEID,IR Iran,IRI,Tennis,TE
https://en.asiangames2018.id/athletes/athlete/BARKI-Justin-3022482/,BARKI Justin,JUSTIN,BARKI,Indonesia,INA,Tennis,TE
https://en.asiangames2018.id/athletes/athlete/BASTOLA-Abhishek-3012199/,BASTOLA Abhishek,ABHISHEK,BASTOLA,Nepal,NEP,Tennis,TE
https://en.asiangames2018.id/athletes/athlete/BATJARGAL-Gunburd-3028145/,BATJARGAL Gunburd,GUNBURD,BATJARGAL,Mongolia,MGL,Tennis,TE
https://en.asiangames2018.id/athletes/athlete/BATTUR-Shinejargal-3028141/,BATTUR Shinejargal,SHINEJARGAL,BATTUR,Mongolia,MGL,Tennis,TE
https://en.asiangames2018.id/athletes/athlete/BHATIA-Riya-3008804/,BHATIA Riya,RIYA,BHATIA,India,IND,Tennis,TE
https://en.asiangames2018.id/athletes/athlete/BHOSALE-Rutuja-Sampatrao-3014330/,BHOSALE Rutuja  Sampatrao,RUTUJA  SAMPATRAO,BHOSALE,India,IND,Tennis,TE
https://en.asiangames2018.id/athletes/athlete/BOPANNA-Rohan-Manchanda-3014327/,BOPANNA Rohan Manchanda,ROHAN MANCHANDA,BOPANNA,India,IND,Tennis,TE
https://en.asiangames2018.id/athletes/athlete/BUBLIK-Aleksandr-3028781/,BUBLIK Aleksandr,ALEKSANDR,BUBLIK,Kazakhstan,KAZ,Tennis,TE
https://en.asiangames2018.id/athletes/athlete/BUDIMAN-Joleta-3026475/,BUDIMAN Joleta,JOLETA,BUDIMAN,Indonesia,INA,Tennis,TE
https://en.asiangames2018.id/athletes/athlete/CAPADOCIA-Marian-Jade-3005600/,CAPADOCIA Marian Jade,MARIAN JADE,CAPADOCIA,Philippines,PHI,Tennis,TE
https://en.asiangames2018.id/athletes/athlete/CHAN-Haoching-3010603/,CHAN Haoching,HAOCHING,CHAN,Chinese Taipei,TPE,Tennis,TE
https://en.asiangames2018.id/athletes/athlete/CHAN-Yungjan-3010602/,CHAN Yungjan,YUNGJAN,CHAN,Chinese Taipei,TPE,Tennis,TE
https://en.asiangames2018.id/athletes/athlete/CHANG-Kaichen-3010607/,CHANG Kaichen,KAICHEN,CHANG,Chinese Taipei,TPE,Tennis,TE
https://en.asiangames2018.id/athletes/athlete/CHEN-Ti-3010651/,CHEN Ti,TI,CHEN,Chinese Taipei,TPE,Tennis,TE
https://en.asiangames2018.id/athletes/athlete/CHINZORIG-Tselmuun-3110369/,CHINZORIG Tselmuun,TSELMUUN,CHINZORIG,Mongolia,MGL,Tennis,TE
https://en.asiangames2018.id/athletes/athlete/CHOI-Jihee-3014777/,CHOI Jihee,JIHEE,CHOI,Republic of Korea,KOR,Tennis,TE
https://en.asiangames2018.id/athletes/athlete/CHONG-Eudice-Wong-3023064/,CHONG Eudice Wong,EUDICE WONG,CHONG,"Hong Kong, China",HKG,Tennis,TE
https://en.asiangames2018.id/athletes/athlete/CHUNG-Hyeon-3028314/,CHUNG Hyeon,HYEON,CHUNG,Republic of Korea,KOR,Tennis,TE
https://en.asiangames2018.id/athletes/athlete/DANILINA-Anna-3028791/,DANILINA Anna,ANNA,DANILINA,Kazakhstan,KAZ,Tennis,TE
https://en.asiangames2018.id/athletes/athlete/de-SILVA-Yasitha-Rangana-3022292/,de SILVA Yasitha Rangana,YASITHA RANGANA,DE SILVA,Sri Lanka,SRI,Tennis,TE
https://en.asiangames2018.id/athletes/athlete/DETKOVSKAYA-Darya-3028794/,DETKOVSKAYA Darya,DARYA,DETKOVSKAYA,Kazakhstan,KAZ,Tennis,TE
https://en.asiangames2018.id/athletes/athlete/DHAIFULLAH-M-Althaf-3022483/,DHAIFULLAH M Althaf,M ALTHAF,DHAIFULLAH,Indonesia,INA,Tennis,TE
https://en.asiangames2018.id/athletes/athlete/DISSANAYAKE-John-Tivanka-Sharmal-3022299/,DISSANAYAKE John Tivanka Sharmal,JOHN TIVANKA SHARMAL,DISSANAYAKE,Sri Lanka,SRI,Tennis,TE
https://en.asiangames2018.id/athletes/athlete/DMITRICHENKO-Yekaterina-3028792/,DMITRICHENKO Yekaterina,YEKATERINA,DMITRICHENKO,Kazakhstan,KAZ,Tennis,TE
https://en.asiangames2018.id/athletes/athlete/DOB-Nabil-3000312/,DOB Nabil,NABIL,DOB,Algeria,ALG,Tennis,TE
https://en.asiangames2018.id/athletes/athlete/DUAN-Yingying-3008623/,DUAN Yingying,YINGYING,DUAN,China,CHN,Tennis,TE
https://en.asiangames2018.id/athletes/athlete/DUSTOV-Farrukh-3001165/,DUSTOV Farrukh,FARRUKH,DUSTOV,Uzbekistan,UZB,Tennis,TE
https://en.asiangames2018.id/athletes/athlete/DUURENBAYAR-Erdenebayar-3028146/,DUURENBAYAR Erdenebayar,ERDENEBAYAR,DUURENBAYAR,Mongolia,MGL,Tennis,TE
https://en.asiangames2018.id/athletes/athlete/ENKHSAIKHAN-Temuugei-3028139/,ENKHSAIKHAN Temuugei,TEMUUGEI,ENKHSAIKHAN,Mongolia,MGL,Tennis,TE
https://en.asiangames2018.id/athletes/athlete/ERDENEBILEG-Ariun-Erdene-3028149/,ERDENEBILEG Ariun-Erdene,ARIUN-ERDENE,ERDENEBILEG,Mongolia,MGL,Tennis,TE
https://en.asiangames2018.id/athletes/athlete/FAYZIEV-Sanjar-3004384/,FAYZIEV Sanjar,SANJAR,FAYZIEV,Uzbekistan,UZB,Tennis,TE
https://en.asiangames2018.id/athletes/athlete/FERNANDES-GUSMAO-Nazario-3014097/,FERNANDES GUSMAO Nazario,NAZARIO,FERNANDES GUSMAO,Timor Leste,TLS,Tennis,TE
https://en.asiangames2018.id/athletes/athlete/FITRIADI-M-Rifqi-3022481/,FITRIADI M Rifqi,M RIFQI,FITRIADI,Indonesia,INA,Tennis,TE
https://en.asiangames2018.id/athletes/athlete/FITRIANA-Sabrina-3022488/,FITRIANA Sabrina,SABRINA,FITRIANA,Indonesia,INA,Tennis,TE
https://en.asiangames2018.id/athletes/athlete/FODOR-Csilla-3008292/,FODOR Csilla,CSILLA,FODOR,Vietnam,VIE,Tennis,TE
https://en.asiangames2018.id/athletes/athlete/GANBAATAR-Yesugen-3028140/,GANBAATAR Yesugen,YESUGEN,GANBAATAR,Mongolia,MGL,Tennis,TE
https://en.asiangames2018.id/athletes/athlete/GONG-Maoxin-3008593/,GONG Maoxin,MAOXIN,GONG,China,CHN,Tennis,TE
https://en.asiangames2018.id/athletes/athlete/GUMULYA-Beatrice-3022484/,GUMULYA Beatrice,BEATRICE,GUMULYA,Indonesia,INA,Tennis,TE
https://en.asiangames2018.id/athletes/athlete/GUNNESWARAN-PRABHAKHARAN-Prajnesh-3014313/,GUNNESWARAN PRABHAKHARAN Prajnesh,PRAJNESH,GUNNESWARAN PRABHAKHARAN,India,IND,Tennis,TE
https://en.asiangames2018.id/athletes/athlete/HABIB-Hady-3010364/,HABIB Hady,HADY,HABIB,Lebanon,LBN,Tennis,TE
https://en.asiangames2018.id/athletes/athlete/HALIZA-Deria-Nur-3022486/,HALIZA Deria Nur,DERIA NUR,HALIZA,Indonesia,INA,Tennis,TE
https://en.asiangames2018.id/athletes/athlete/HAN-Nalae-3014779/,HAN Nalae,NALAE,HAN,Republic of Korea,KOR,Tennis,TE
https://en.asiangames2018.id/athletes/athlete/HAYASHI-Erina-3026243/,HAYASHI Erina,ERINA,HAYASHI,Japan,JPN,Tennis,TE
https://en.asiangames2018.id/athletes/athlete/HONG-Seongchan-3028317/,HONG Seongchan,SEONGCHAN,HONG,Republic of Korea,KOR,Tennis,TE
https://en.asiangames2018.id/athletes/athlete/HOZUMI-Eri-3026244/,HOZUMI Eri,ERI,HOZUMI,Japan,JPN,Tennis,TE
https://en.asiangames2018.id/athletes/athlete/HSIEH-Chengpeng-3010659/,HSIEH Chengpeng,CHENGPENG,HSIEH,Chinese Taipei,TPE,Tennis,TE
https://en.asiangames2018.id/athletes/athlete/HSU-Chiehyu-3011707/,HSU Chiehyu,CHIEHYU,HSU,Chinese Taipei,TPE,Tennis,TE
https://en.asiangames2018.id/athletes/athlete/ISTOMIN-Denis-3001262/,ISTOMIN Denis,DENIS,ISTOMIN,Uzbekistan,UZB,Tennis,TE
https://en.asiangames2018.id/athletes/athlete/ITO-Yuya-3026246/,ITO Yuya,YUYA,ITO,Japan,JPN,Tennis,TE
https://en.asiangames2018.id/athletes/athlete/JEONG-Sunam-3014849/,JEONG Sunam,SUNAM,JEONG,Republic of Korea,KOR,Tennis,TE
https://en.asiangames2018.id/athletes/athlete/JUNG-Jason-3010642/,JUNG Jason,JASON,JUNG,Chinese Taipei,TPE,Tennis,TE
https://en.asiangames2018.id/athletes/athlete/KADCHAPANAN-Nuttanon-3004635/,KADCHAPANAN Nuttanon,NUTTANON,KADCHAPANAN,Thailand,THA,Tennis,TE
https://en.asiangames2018.id/athletes/athlete/KANG-Seokyung-3014851/,KANG Seokyung,SEOKYUNG,KANG,Republic of Korea,KOR,Tennis,TE
https://en.asiangames2018.id/athletes/athlete/KARGARANOROOCHI-Mohammad-3023370/,KARGARANOROOCHI Mohammad,MOHAMMAD,KARGARANOROOCHI,IR Iran,IRI,Tennis,TE
https://en.asiangames2018.id/athletes/athlete/KARIMOV-Jurabek-3004394/,KARIMOV Jurabek,JURABEK,KARIMOV,Uzbekistan,UZB,Tennis,TE
https://en.asiangames2018.id/athletes/athlete/KATO-Miyu-3026247/,KATO Miyu,MIYU,KATO,Japan,JPN,Tennis,TE
https://en.asiangames2018.id/athletes/athlete/KHABIBULIN-Timur-3028787/,KHABIBULIN Timur,TIMUR,KHABIBULIN,Kazakhstan,KAZ,Tennis,TE
https://en.asiangames2018.id/athletes/athlete/KHALEDAN-Shahin-3023363/,KHALEDAN Shahin,SHAHIN,KHALEDAN,IR Iran,IRI,Tennis,TE
https://en.asiangames2018.id/athletes/athlete/KHAN-Aqeel-3005103/,KHAN Aqeel,AQEEL,KHAN,Pakistan,PAK,Tennis,TE
https://en.asiangames2018.id/athletes/athlete/KHAN-Sarah-Mahboob-3004820/,KHAN Sarah Mahboob,SARAH MAHBOOB,KHAN,Pakistan,PAK,Tennis,TE
https://en.asiangames2018.id/athletes/athlete/KHANAL-Pranav-3009355/,KHANAL Pranav,PRANAV,KHANAL,Nepal,NEP,Tennis,TE
https://en.asiangames2018.id/athletes/athlete/KHOKHAR-Meheq-3030121/,KHOKHAR Meheq,MEHEQ,KHOKHAR,Pakistan,PAK,Tennis,TE
https://en.asiangames2018.id/athletes/athlete/KIM-Nari-3014855/,KIM Nari,NARI,KIM,Republic of Korea,KOR,Tennis,TE
https://en.asiangames2018.id/athletes/athlete/KIM-Youngseok-3028318/,KIM Youngseok,YOUNGSEOK,KIM,Republic of Korea,KOR,Tennis,TE
https://en.asiangames2018.id/athletes/athlete/KOVAPITUKTED-Palaphoom-3004636/,KOVAPITUKTED Palaphoom,PALAPHOOM,KOVAPITUKTED,Thailand,THA,Tennis,TE
https://en.asiangames2018.id/athletes/athlete/KOVAPITUKTED-Punnin-3028678/,KOVAPITUKTED Punnin,PUNNIN,KOVAPITUKTED,Thailand,THA,Tennis,TE
https://en.asiangames2018.id/athletes/athlete/KULAMBAYEVA-Zhibek-3028793/,KULAMBAYEVA Zhibek,ZHIBEK,KULAMBAYEVA,Kazakhstan,KAZ,Tennis,TE
https://en.asiangames2018.id/athletes/athlete/KUMKHUM-Luksika-3004656/,KUMKHUM Luksika,LUKSIKA,KUMKHUM,Thailand,THA,Tennis,TE
https://en.asiangames2018.id/athletes/athlete/KURERA-Thanipperuge-Marian-Anjal-3022396/,KURERA Thanipperuge Marian Anjal,THANIPPERUGE MARIAN ANJAL,KURERA,Sri Lanka,SRI,Tennis,TE
https://en.asiangames2018.id/athletes/athlete/KWON-Soonwoo-3028316/,KWON Soonwoo,SOONWOO,KWON,Republic of Korea,KOR,Tennis,TE
https://en.asiangames2018.id/athletes/athlete/LEE-Duckhee-3028315/,LEE Duckhee,DUCKHEE,LEE,Republic of Korea,KOR,Tennis,TE
https://en.asiangames2018.id/athletes/athlete/LEE-Jeamoon-3028321/,LEE Jeamoon,JEAMOON,LEE,Republic of Korea,KOR,Tennis,TE
https://en.asiangames2018.id/athletes/athlete/LEE-Peichi-3010612/,LEE Peichi,PEICHI,LEE,Chinese Taipei,TPE,Tennis,TE
https://en.asiangames2018.id/athletes/athlete/LEE-Sora-3014857/,LEE Sora,SORA,LEE,Republic of Korea,KOR,Tennis,TE
https://en.asiangames2018.id/athletes/athlete/LENHERT-Kathrina-Melissa-3005597/,LENHERT Kathrina Melissa,KATHRINA MELISSA,LENHERT,Philippines,PHI,Tennis,TE
https://en.asiangames2018.id/athletes/athlete/LERTPITAKSINCHAI-Nicha-3004669/,LERTPITAKSINCHAI Nicha,NICHA,LERTPITAKSINCHAI,Thailand,THA,Tennis,TE
https://en.asiangames2018.id/athletes/athlete/LI-Zhe-3008916/,LI Zhe,ZHE,LI,China,CHN,Tennis,TE
https://en.asiangames2018.id/athletes/athlete/LIANG-En-Shuo-3028424/,LIANG En-Shuo,EN-SHUO,LIANG,Chinese Taipei,TPE,Tennis,TE
https://en.asiangames2018.id/athletes/athlete/LIM-Alberto-Jr-3005593/,LIM Alberto Jr,ALBERTO JR,LIM,Philippines,PHI,Tennis,TE
https://en.asiangames2018.id/athletes/athlete/LIM-Yongkyu-3028323/,LIM Yongkyu,YONGKYU,LIM,Republic of Korea,KOR,Tennis,TE
https://en.asiangames2018.id/athletes/athlete/LY-HOANG-Nam-3008251/,LY HOANG Nam,NAM,LY HOANG,Vietnam,VIE,Tennis,TE
https://en.asiangames2018.id/athletes/athlete/LY-NGUYEN-Savanna-3008282/,LY NGUYEN Savanna,SAVANNA,LY NGUYEN,Vietnam,VIE,Tennis,TE
https://en.asiangames2018.id/athletes/athlete/MAHIR-Aminath-Irufa-3004534/,MAHIR Aminath Irufa,AMINATH IRUFA,MAHIR,Maldives,MDV,Tennis,TE
https://en.asiangames2018.id/athletes/athlete/MANSOOR-Sara-3004819/,MANSOOR Sara,SARA,MANSOOR,Pakistan,PAK,Tennis,TE
https://en.asiangames2018.id/athletes/athlete/MATHEMA-Anne-3012207/,MATHEMA Anne,ANNE,MATHEMA,Nepal,NEP,Tennis,TE
https://en.asiangames2018.id/athletes/athlete/MOHAMED-Ali-Faris-3004524/,MOHAMED Ali Faris,ALI FARIS,MOHAMED,Maldives,MDV,Tennis,TE
https://en.asiangames2018.id/athletes/athlete/MOOSA-KALEEM-Ayani-3004537/,MOOSA KALEEM Ayani,AYANI,MOOSA KALEEM,Maldives,MDV,Tennis,TE
https://en.asiangames2018.id/athletes/athlete/MUNKHBAATAR-Badrakh-3028148/,MUNKHBAATAR Badrakh,BADRAKH,MUNKHBAATAR,Mongolia,MGL,Tennis,TE
https://en.asiangames2018.id/athletes/athlete/MURTAZA-Muzammil-3005106/,MURTAZA Muzammil,MUZAMMIL,MURTAZA,Pakistan,PAK,Tennis,TE
https://en.asiangames2018.id/athletes/athlete/NAGAL-Sumit-3008809/,NAGAL Sumit,SUMIT,NAGAL,India,IND,Tennis,TE
https://en.asiangames2018.id/athletes/athlete/NAKLO-Thasaporn-3004699/,NAKLO Thasaporn,THASAPORN,NAKLO,Thailand,THA,Tennis,TE
https://en.asiangames2018.id/athletes/athlete/NEDOVYESOV-Aleksandr-3028782/,NEDOVYESOV Aleksandr,ALEKSANDR,NEDOVYESOV,Kazakhstan,KAZ,Tennis,TE
https://en.asiangames2018.id/athletes/athlete/NG-Kwan-Yau-3023065/,NG Kwan Yau,KWAN YAU,NG,"Hong Kong, China",HKG,Tennis,TE
https://en.asiangames2018.id/athletes/athlete/NGUYEN-van-Phuong-3008276/,NGUYEN van Phuong,PHUONG,NGUYEN VAN,Vietnam,VIE,Tennis,TE
https://en.asiangames2018.id/athletes/athlete/NINOMIYA-Makoto-3026250/,NINOMIYA Makoto,MAKOTO,NINOMIYA,Japan,JPN,Tennis,TE
https://en.asiangames2018.id/athletes/athlete/PAES-Leander-Adrian-3014282/,PAES Leander Adrian,LEANDER ADRIAN,PAES,India,IND,Tennis,TE
https://en.asiangames2018.id/athletes/athlete/PAKBATEN-Ghazal-3023366/,PAKBATEN Ghazal,GHAZAL,PAKBATEN,IR Iran,IRI,Tennis,TE
https://en.asiangames2018.id/athletes/athlete/PALKINA-Kseniia-3022886/,PALKINA Kseniia,KSENIIA,PALKINA,Kyrgyzstan,KGZ,Tennis,TE
https://en.asiangames2018.id/athletes/athlete/PATRIMONIO-Anna-Clarice-3005599/,PATRIMONIO Anna Clarice,ANNA CLARICE,PATRIMONIO,Philippines,PHI,Tennis,TE
https://en.asiangames2018.id/athletes/athlete/PATROMBON-Jeson-3005596/,PATROMBON Jeson,JESON,PATROMBON,Philippines,PHI,Tennis,TE
https://en.asiangames2018.id/athletes/athlete/PENG-Hsienyin-3010661/,PENG Hsienyin,HSIENYIN,PENG,Chinese Taipei,TPE,Tennis,TE
https://en.asiangames2018.id/athletes/athlete/PHAM-Minh-Tuan-3008259/,PHAM Minh Tuan,MINH TUAN,PHAM,Vietnam,VIE,Tennis,TE
https://en.asiangames2018.id/athletes/athlete/PLIPUECH-Peangtarn-3004662/,PLIPUECH Peangtarn,PEANGTARN,PLIPUECH,Thailand,THA,Tennis,TE
https://en.asiangames2018.id/athletes/athlete/POPKO-Dmitriy-3028783/,POPKO Dmitriy,DMITRIY,POPKO,Kazakhstan,KAZ,Tennis,TE
https://en.asiangames2018.id/athletes/athlete/RAINA-Ankita-Ravinderkrishan-3008784/,RAINA Ankita Ravinderkrishan,ANKITA RAVINDERKRISHAN,RAINA,India,IND,Tennis,TE
https://en.asiangames2018.id/athletes/athlete/RAMANATHAN-Ramkumar-3014323/,RAMANATHAN Ramkumar,RAMKUMAR,RAMANATHAN,India,IND,Tennis,TE
https://en.asiangames2018.id/athletes/athlete/RANA-Mahika-3009349/,RANA Mahika,MAHIKA,RANA,Nepal,NEP,Tennis,TE
https://en.asiangames2018.id/athletes/athlete/RANA-Mayanka-3009348/,RANA Mayanka,MAYANKA,RANA,Nepal,NEP,Tennis,TE
https://en.asiangames2018.id/athletes/athlete/RATIWATANA-Sanchai-3004615/,RATIWATANA Sanchai,SANCHAI,RATIWATANA,Thailand,THA,Tennis,TE
https://en.asiangames2018.id/athletes/athlete/RATIWATANA-Sonchat-3004613/,RATIWATANA Sonchat,SONCHAT,RATIWATANA,Thailand,THA,Tennis,TE
https://en.asiangames2018.id/athletes/athlete/ROMPIES-Jessy-Priskila-3022485/,ROMPIES Jessy Priskila,JESSY PRISKILA,ROMPIES,Indonesia,INA,Tennis,TE
https://en.asiangames2018.id/athletes/athlete/RUNGKAT-Christopher-Benjamin-3022478/,RUNGKAT Christopher Benjamin,CHRISTOPHER BENJAMIN,RUNGKAT,Indonesia,INA,Tennis,TE
https://en.asiangames2018.id/athletes/athlete/SADEGH-VAZIRI-Sadaf-3023365/,SADEGH VAZIRI Sadaf,SADAF,SADEGH VAZIRI,IR Iran,IRI,Tennis,TE
https://en.asiangames2018.id/athletes/athlete/SAMAHA-Giovani-3010362/,SAMAHA Giovani,GIOVANI,SAMAHA,Lebanon,LBN,Tennis,TE
https://en.asiangames2018.id/athletes/athlete/SAMREJ-Kasidit-3028677/,SAMREJ Kasidit,KASIDIT,SAMREJ,Thailand,THA,Tennis,TE
https://en.asiangames2018.id/athletes/athlete/SANDAG-Angarag-3028150/,SANDAG Angarag,ANGARAG,SANDAG,Mongolia,MGL,Tennis,TE
https://en.asiangames2018.id/athletes/athlete/SAWANGKAEW-Mananchaya-3004728/,SAWANGKAEW Mananchaya,MANANCHAYA,SAWANGKAEW,Thailand,THA,Tennis,TE
https://en.asiangames2018.id/athletes/athlete/SENEVIRATNE-Anika-Chloe-3022327/,SENEVIRATNE Anika Chloe,ANIKA CHLOE,SENEVIRATNE,Sri Lanka,SRI,Tennis,TE
https://en.asiangames2018.id/athletes/athlete/SHARAN-Divij-3014270/,SHARAN Divij,DIVIJ,SHARAN,India,IND,Tennis,TE
https://en.asiangames2018.id/athletes/athlete/SHARIPOVA-Sabina-3001243/,SHARIPOVA Sabina,SABINA,SHARIPOVA,Uzbekistan,UZB,Tennis,TE
https://en.asiangames2018.id/athletes/athlete/SHIMABUKURO-Sho-3026253/,SHIMABUKURO Sho,SHO,SHIMABUKURO,Japan,JPN,Tennis,TE
https://en.asiangames2018.id/athletes/athlete/SOARES-SARMENTO-Frederico-3014102/,SOARES SARMENTO Frederico,FREDERICO,SOARES SARMENTO,Timor Leste,TLS,Tennis,TE
https://en.asiangames2018.id/athletes/athlete/SOLIH-Aminath-Maleela-3004535/,SOLIH Aminath Maleela,AMINATH MALEELA,SOLIH,Maldives,MDV,Tennis,TE
https://en.asiangames2018.id/athletes/athlete/SONG-Minkyu-3028319/,SONG Minkyu,MINKYU,SONG,Republic of Korea,KOR,Tennis,TE
https://en.asiangames2018.id/athletes/athlete/SUHAIL-Ushna-3004821/,SUHAIL Ushna,USHNA,SUHAIL,Pakistan,PAK,Tennis,TE
https://en.asiangames2018.id/athletes/athlete/SULTANOV-Khumoyun-3001164/,SULTANOV Khumoyun,KHUMOYUN,SULTANOV,Uzbekistan,UZB,Tennis,TE
https://en.asiangames2018.id/athletes/athlete/SUSANTO-David-Agung-3022479/,SUSANTO David Agung,DAVID AGUNG,SUSANTO,Indonesia,INA,Tennis,TE
https://en.asiangames2018.id/athletes/athlete/SUSANTO-Ignatius-Anthony-3022480/,SUSANTO Ignatius Anthony,IGNATIUS ANTHONY,SUSANTO,Indonesia,INA,Tennis,TE
https://en.asiangames2018.id/athletes/athlete/SUTJIADI-Aldila-3022487/,SUTJIADI Aldila,ALDILA,SUTJIADI,Indonesia,INA,Tennis,TE
https://en.asiangames2018.id/athletes/athlete/TANG-Anthony-Jackie-3023061/,TANG Anthony Jackie,ANTHONY JACKIE,TANG,"Hong Kong, China",HKG,Tennis,TE
https://en.asiangames2018.id/athletes/athlete/THANDI-Kamran-Kaur-3008786/,THANDI Kamran Kaur,KAMRAN KAUR,THANDI,India,IND,Tennis,TE
https://en.asiangames2018.id/athletes/athlete/THANGARAJAH-Dineshkanthan-3022324/,THANGARAJAH Dineshkanthan,DINESHKANTHAN,THANGARAJAH,Sri Lanka,SRI,Tennis,TE
https://en.asiangames2018.id/athletes/athlete/THOMBARE-Prarthana-Gulabrao-3008802/,THOMBARE Prarthana Gulabrao,PRARTHANA GULABRAO,THOMBARE,India,IND,Tennis,TE
https://en.asiangames2018.id/athletes/athlete/TRINH-Linh-Giang-3008254/,TRINH Linh Giang,LINH GIANG,TRINH,Vietnam,VIE,Tennis,TE
https://en.asiangames2018.id/athletes/athlete/TRONGCHAROENCHAIKUL-Wishaya-3004623/,TRONGCHAROENCHAIKUL Wishaya,WISHAYA,TRONGCHAROENCHAIKUL,Thailand,THA,Tennis,TE
https://en.asiangames2018.id/athletes/athlete/TULYAGANOVA-Iroda-3001167/,TULYAGANOVA Iroda,IRODA,TULYAGANOVA,Uzbekistan,UZB,Tennis,TE
https://en.asiangames2018.id/athletes/athlete/UCHIJIMA-Moyuka-3026258/,UCHIJIMA Moyuka,MOYUKA,UCHIJIMA,Japan,JPN,Tennis,TE
https://en.asiangames2018.id/athletes/athlete/UCHIYAMA-Yasutaka-3026259/,UCHIYAMA Yasutaka,YASUTAKA,UCHIYAMA,Japan,JPN,Tennis,TE
https://en.asiangames2018.id/athletes/athlete/UESUGI-Kaito-3026260/,UESUGI Kaito,KAITO,UESUGI,Japan,JPN,Tennis,TE
https://en.asiangames2018.id/athletes/athlete/URUMBAEV-Farkhad-3024009/,URUMBAEV Farkhad,FARKHAD,URUMBAEV,Kyrgyzstan,KGZ,Tennis,TE
https://en.asiangames2018.id/athletes/athlete/WANG-Qiang-3009428/,WANG Qiang,QIANG,WANG,China,CHN,Tennis,TE
https://en.asiangames2018.id/athletes/athlete/WANG-Yafan-3007212/,WANG Yafan,YAFAN,WANG,China,CHN,Tennis,TE
https://en.asiangames2018.id/athletes/athlete/WATANUKI-Yosuke-3026261/,WATANUKI Yosuke,YOSUKE,WATANUKI,Japan,JPN,Tennis,TE
https://en.asiangames2018.id/athletes/athlete/WONG-Chun-Hun-3023059/,WONG Chun Hun,CHUN HUN,WONG,"Hong Kong, China",HKG,Tennis,TE
https://en.asiangames2018.id/athletes/athlete/WONG-Hong-Kit-3023058/,WONG Hong Kit,HONG KIT,WONG,"Hong Kong, China",HKG,Tennis,TE
https://en.asiangames2018.id/athletes/athlete/WU-di-3008948/,WU di,DI,WU,China,CHN,Tennis,TE
https://en.asiangames2018.id/athletes/athlete/WU-Ho-Ching-3023063/,WU Ho Ching,HO CHING,WU,"Hong Kong, China",HKG,Tennis,TE
https://en.asiangames2018.id/athletes/athlete/WU-Tunglin-3010653/,WU Tunglin,TUNGLIN,WU,Chinese Taipei,TPE,Tennis,TE
https://en.asiangames2018.id/athletes/athlete/WU-Yibing-3008922/,WU Yibing,YIBING,WU,China,CHN,Tennis,TE
https://en.asiangames2018.id/athletes/athlete/XU-Yifan-3008611/,XU Yifan,YIFAN,XU,China,CHN,Tennis,TE
https://en.asiangames2018.id/athletes/athlete/YADLAPALLI-Pranjala-3008798/,YADLAPALLI Pranjala,PRANJALA,YADLAPALLI,India,IND,Tennis,TE
https://en.asiangames2018.id/athletes/athlete/YANG-Tsung-Hua-3010649/,YANG Tsung-Hua,TSUNG-HUA,YANG,Chinese Taipei,TPE,Tennis,TE
https://en.asiangames2018.id/athletes/athlete/YANG-Zhaoxuan-3009422/,YANG Zhaoxuan,ZHAOXUAN,YANG,China,CHN,Tennis,TE
https://en.asiangames2018.id/athletes/athlete/YEUNG-Pak-Long-3023060/,YEUNG Pak Long,PAK LONG,YEUNG,"Hong Kong, China",HKG,Tennis,TE
https://en.asiangames2018.id/athletes/athlete/YEVSEYEV-Denis-3028784/,YEVSEYEV Denis,DENIS,YEVSEYEV,Kazakhstan,KAZ,Tennis,TE
https://en.asiangames2018.id/athletes/athlete/ZAYED-Mousa-3001242/,ZAYED Mousa,MOUSA,ZAYED,Qatar,QAT,Tennis,TE
https://en.asiangames2018.id/athletes/athlete/ZAYID-Mubarak-3001246/,ZAYID Mubarak,MUBARAK,ZAYID,Qatar,QAT,Tennis,TE
https://en.asiangames2018.id/athletes/athlete/ZHANG-Ling-3023062/,ZHANG Ling,LING,ZHANG,"Hong Kong, China",HKG,Tennis,TE
https://en.asiangames2018.id/athletes/athlete/ZHANG-Shuai-3008911/,ZHANG Shuai,SHUAI,ZHANG,China,CHN,Tennis,TE
https://en.asiangames2018.id/athletes/athlete/ZHANG-Ze-3008956/,ZHANG Ze,ZE,ZHANG,China,CHN,Tennis,TE
https://en.asiangames2018.id/athletes/athlete/ZHANG-Zhizhen-3008944/,ZHANG Zhizhen,ZHIZHEN,ZHANG,China,CHN,Tennis,TE
