url,name,surname,nationality,discipline,birth_date,birth_city, birth_country,age,height_cm,height,weight_kg,weight_lbs,gold,silver,bronze,bio,social,bio_url
https://en.asiangames2018.id/athletes/athlete/ALABDI-Abdulazizhussein-Saleh-3006317/,Abdulazizhussein Saleh,Alabdi,YEM,Athletics,12/19/1998,AMRAN,Yemen,19,168,"5'6""",69,152,0,0,0,"[('Beginning', 'He took up athletics in 2012 in Amran, Yemen. (Athlete, 29 Aug 2018)'), ('Debut', '2014 for Yemen, in China (Athlete, 29 Aug 2018)'), ('Influence', 'His older brother. (Athlete, 29 Aug 2018)'), ('Languages', 'Arabic'), ('Hobbies', 'Football. (Athlete, 29 Aug 2018)'), ('Highlights', 'RankEventYearLocationResultAsian ChampionshipsDNS1500m2015Wuhan, CHNDNSDNS5000m2015Wuhan, CHNDNS')]",['https://www.facebook.com/rrqq2'],https://externalmodules.asiangames2018.id/en/25/bio/athletes/bio_3006317.html
https://en.asiangames2018.id/athletes/athlete/ALARIFI-Shihab-Abdulrahman-Ghaleb-3007296/,SHIHAB ABDULRAHMAN GHALEB,ALARIFI,YEM,Taekwondo,07/14/1998,Sana'a - YEM,Yemen,20,166,"5'5""",58,128,0,0,0,[],[],https://externalmodules.asiangames2018.id/en/25/bio/athletes/bio_3007296.html
https://en.asiangames2018.id/athletes/athlete/ALAZZANI-Hussein-Abdullah-Hussein-3006186/,HUSSEIN ABDULLAH HUSSEIN ABDUL,ALAZZANI,YEM,Wrestling,01/01/1998,SANA'A,Yemen,20,175,"5'9""",70,154,0,0,0,[],[],https://externalmodules.asiangames2018.id/en/25/bio/athletes/bio_3006186.html
https://en.asiangames2018.id/athletes/athlete/ALDUBHANI-Muneer-Ahmed-Ali-3007836/,MUNEER AHMED ALI,ALDUBHANI,YEM,Table Tennis,01/01/1996,Sana'a - YEM,Yemen,22,165,"5'5""",50,110,0,0,0,"[('Coach', 'Nabil Dhmari [national] (Yemeni Table Tennis Association Facebook page, 26 Jul 2018)'), ('Highlights', ""RankEventYearLocationAsian GamesGroup stageTeam2014Incheon, KOR2nd RoundSingles2014Incheon, KOR2nd RoundMen's Doubles2014Incheon, KORWorld Championships65Team2016Kuala Lumpur, MAS77Team2014Tokyo, JPN87Team2012Dortmund, GERAsian Championships18Team2015Bangkok, THA2nd RoundSingles2015Bangkok, THA1st RoundMen's Doubles2015Bangkok, THA"")]",[],https://externalmodules.asiangames2018.id/en/25/bio/athletes/bio_3007836.html
https://en.asiangames2018.id/athletes/athlete/ALGARBI-Nabil-Mohammed-Saghir-3006456/,Nabil Mohammed Saghir,Algarbi,YEM,Athletics,11/03/1993,,Yemen,24,178,"5'10""",70,154,0,0,0,"[('Beginning', 'He took up athletics in 2008 in Dhamar, Yemen. (Athlete, 29 Aug 2018)'), ('Coach', 'Fouad Ayad [national]; Mohamed Ayad [national] (Athlete, 29 Aug 2018)'), ('Memorable', 'Qualifying for the final of the 3000m at the 2009 World Youth Championships in Bressanone, Italy. (Athlete, 29 Aug 2018)'), ('Influence', 'His coaches Fouad Ayad and Mohamed Ayad. (Athlete, 29 Aug 2018)'), ('Languages', 'Arabic'), ('Hobbies', 'Volleyball. (Athlete, 29 Aug 2018)'), ('Highlights', 'RankEventYearLocationResultAsian Games113000m Steeplechase2010Guangzhou, CHN9:16.80DNFMarathon2014Incheon, KORDNFOlympic Games1st Round1500m2012London, GBR3:55.46World ChampionshipsHeats1500m2013Moscow, RUS3:59.45Heats1500m2011Daegu, KOR3:50.17Asian ChampionshipsDNF3000m Steeplechase2013Pune, INDDNFDNS5000m2013Pune, INDDNS')]",[],https://externalmodules.asiangames2018.id/en/25/bio/athletes/bio_3006456.html
https://en.asiangames2018.id/athletes/athlete/ALHAJJ-Helal-Ali-Mohammed-3006446/,HELAL ALI MOHAMMED,ALHAJJ,YEM,Wushu,07/20/1995,SANA'A,Yemen,23,170,"5'7""",60,132,0,0,0,"[('Coach', 'Ameen Saleh Masoud [national] (Athlete, 17 Aug 2018)'), ('Memorable', 'Winning a bronze medal at the 2017 Islamic Solidarity Games in Baku, Azerbaijan. (Athlete, 17 Aug 2018)'), ('Education', ""Sana'a University, Yemen""), ('Languages', 'Arabic, English'), ('Hobbies', 'Billiards, table tennis, basketball, football. (Athlete, 17 Aug 2018)'), ('Highlights', 'RankEventYearLocationAsian Games9Sanda -60kg2014Incheon, KOR')]",['https://www.facebook.com/profile.php?id=100003152015383'],https://externalmodules.asiangames2018.id/en/25/bio/athletes/bio_3006446.html
https://en.asiangames2018.id/athletes/athlete/ALHUMAIDHA-Noor-Aldeenmohammed-Farea-Mahdi-3005752/,Noor Aldeenmohammed Farea,Alhumaidha,YEM,Athletics,06/04/2000,,Yemen,18,168,"5'6""",69,152,0,0,0,"[('Beginning', 'He took up athletics in 2014 in Dhamar, Yemen. (Athlete, 29 Aug 2018)'), ('Coach', 'Fouad Ayad [national], YEM (Athlete, 29 Aug 2018)'), ('Memorable', 'Winning silver in the 3000m at the 2017 Asian Youth Championships in Bangkok, Thailand. (Athlete, 29 Aug 2018)'), ('Hero', 'His coach Fouad Ayad. (Athlete, 29 Aug 2018)'), ('Influence', 'His mother. (Athlete, 29 Aug 2018)'), ('Education', 'Cairo University, Egypt'), ('Languages', 'Arabic'), ('Hobbies', 'Football. (Athlete, 29 Aug 2018)'), ('Highlights', 'RankEventYearLocationResultAsian Championships121500m2017Bhubaneswar, IND4:01.60World Youth Championships133000m2017Nairobi, KENDNF')]","['https://www.facebook.com/profile.php?id=100011423004047', 'https://www.facebook.com/people/%D9%86%D9%88%D8%B1%D8%A7%D9%84%D8%AF%D9%8A%D9%86-%D8%A7%D9%84%D8%AD%D9%85%D9%8A%D8%B6%D9%87/100007725250123']",https://externalmodules.asiangames2018.id/en/25/bio/athletes/bio_3005752.html
https://en.asiangames2018.id/athletes/athlete/ALI-Omar-Ahmed-Ahmed-3006835/,OMAR AHMED AHMED,ALI,YEM,Table Tennis,01/01/1991,TAIZ,Yemen,27,169,"5'7""",75,165,0,0,0,"[('Debut', '2009 for Yemen (ittf.com, 13 May 2013)'), ('Coach', 'Nabil Dhmari [national] (Yemeni Table Tennis Association Facebook page, 26 Jul 2018)'), ('Education', ""Physical Education - Sana'a University, Yemen""), ('Languages', 'Arabic'), ('Highlights', ""RankEventYearLocationAsian Games13Team2006Doha, QATGroup stageTeam2014Incheon, KOR2nd RoundSingles2014Incheon, KOR2nd RoundMen's Doubles2014Incheon, KOR1st RoundMen's Doubles2006Doha, QATWorld Championships65Team2016Kuala Lumpur, MAS75Team2008Guangzhou, CHN77Team2014Tokyo, JPN77Team2006Bremen, GER89Team2010Moscow, RUSAsian Championships18Team2015Bangkok, THA2nd RoundSingles2015Bangkok, THA1st RoundMen's Doubles2015Bangkok, THA"")]",['https://www.facebook.com/alkdes'],https://externalmodules.asiangames2018.id/en/25/bio/athletes/bio_3006835.html
https://en.asiangames2018.id/athletes/athlete/ALJARRAH-Hussein-Mohammed-Hezam-3011916/,Hussein Mohammed Hezam,ALJARRAH,YEM,Judo,04/25/1993,DHAMAR-YEM,Yemen,25,166,"5'5""",81,179,0,0,0,"[('Highlights', 'JUDORankEventYearLocationWorld Championships33-81 kg2014Chelyabinsk, RUSGrand Prix33-81 kg2015Samsun, TURWorld Cup9-81 kg2015Casablanca, MARKURASHRankEventYearLocationAsian Indoor and Martial Arts Games5-81 kg2017Ashgabat, TKM9-73kg2013Incheon, KORSAMBORankEventYearLocationAsian Indoor and Martial Arts Games982kg2017Ashgabat, TKM')]",[],https://externalmodules.asiangames2018.id/en/25/bio/athletes/bio_3011916.html
https://en.asiangames2018.id/athletes/athlete/ALJARRAH-Hussein-Mohammed-Hezam-3011916/,Hussein Mohammed Hezam,ALJARRAH,YEM,Judo,04/25/1993,DHAMAR-YEM,Yemen,25,166,"5'5""",81,179,0,0,0,"[('Highlights', 'JUDORankEventYearLocationWorld Championships33-81 kg2014Chelyabinsk, RUSGrand Prix33-81 kg2015Samsun, TURWorld Cup9-81 kg2015Casablanca, MARKURASHRankEventYearLocationAsian Indoor and Martial Arts Games5-81 kg2017Ashgabat, TKM9-73kg2013Incheon, KORSAMBORankEventYearLocationAsian Indoor and Martial Arts Games982kg2017Ashgabat, TKM')]",[],https://externalmodules.asiangames2018.id/en/25/bio/athletes/bio_3011916.html
https://en.asiangames2018.id/athletes/athlete/ALKHUDHARI-Yuosef-Ali-Ali-3007297/,YUOSEF ALI ALI,ALKHUDHARI,YEM,Wushu,01/01/1990,Sana'a - YEM,Yemen,28,160,"5'3""",57,126,0,0,0,"[('Beginning', ""He began the sport in Sana'a, Yemen. (Athlete, 18 Nov 2010)""), ('Reason', 'He enjoyed competing in the sport. (Athlete, 18 Nov 2010)'), ('Hero', 'Actor Jackie Chan, English footballer Wayne Rooney. (Athlete, 18 Nov 2010)'), ('Influence', 'Coach Zou Rong. (Athlete, 18 Nov 2010)'), ('Education', ""Science - Sana'a University, Sana'a, YEM""), ('Languages', 'Arabic, English'), ('Highlights', 'RankEventYearLocationAsian Games13Taijiquan & Taijijian All-Round2014Incheon, KOR17Taijiquan & Taijijian All-Round2010Guangzhou, CHN')]",['https://www.facebook.com/yousef.alkhudhari'],https://externalmodules.asiangames2018.id/en/25/bio/athletes/bio_3007297.html
https://en.asiangames2018.id/athletes/athlete/ALKHULAQI-Ahmed-Salem-Ali-3006596/,AHMED SALEM ALI,ALKHULAQI,YEM,Taekwondo,08/14/1999,JEDDAH-KSA,Kingdom of Saudi Arabia,19,170,"5'7""",63,139,0,0,0,[],[],https://externalmodules.asiangames2018.id/en/25/bio/athletes/bio_3006596.html
https://en.asiangames2018.id/athletes/athlete/ALMADHFARI-Ali-Ahmed-Omar-3008049/,ALI AHMED OMAR,ALMADHFARI,YEM,Karate,12/30/1986,ALBAIDHA - YEM,Yemen,31,165,"5'5""",60,132,0,0,0,"[('Beginning', 'He took up the sport in 1997 in Aden, Yemen. (Athlete, 26 Aug 2018)'), ('Reason', 'He wanted to learn self-defence. (Athlete, 26 Aug 2018)'), ('Coach', 'Ahmed Al-Ridai [national]l Fouad Salem [personal], YEM, from 1997 (sahafah24.net, 21 Apr 2018; Athlete, 26 Aug 2018)'), ('Influence', 'His parents. (Athlete, 26 Aug 2018)'), ('Languages', 'Arabic, English'), ('Hobbies', 'Football. (Athlete, 26 Aug 2018)'), ('Highlights', 'RankEventYearLocationAsian Games11-55kg2014Incheon, KORKarate 1 Premier League36-60kg2017Dubai, UAE')]",[],https://externalmodules.asiangames2018.id/en/25/bio/athletes/bio_3008049.html
https://en.asiangames2018.id/athletes/athlete/ALMADHFARI-Entesar-Mohsen-Ali-Saleh-3011886/,Entesar Mohsen Ali Saleh,Almadhfari,YEM,Athletics,04/02/1996,ALBAIDHA-YEM,Yemen,22,165,"5'5""",66,146,0,0,0,"[('Beginning', ""She took up athletics in 2014 in Sana'a, Yemen. (Athlete, 29 Aug 2018)""), ('Coach', 'Mohamed Ahmed El-Ashashy [national], YEM (Athlete, 29 Aug 2018)'), ('Influence', 'Her mother. (Athlete, 29 Aug 2018)'), ('Languages', 'Arabic'), ('Hobbies', 'Fencing, volleyball. (Athlete, 29 Aug 2018)')]",[],https://externalmodules.asiangames2018.id/en/25/bio/athletes/bio_3011886.html
https://en.asiangames2018.id/athletes/athlete/ALMAGHREBI-Mohammed-Abdullah-Derhem-3005941/,MOHAMMED ABDULLAH DERHEM,ALMAGHREBI,YEM,Wrestling,01/01/1998,,Yemen,20,174,"5'9""",57,126,0,0,0,[],[],https://externalmodules.asiangames2018.id/en/25/bio/athletes/bio_3005941.html
https://en.asiangames2018.id/athletes/athlete/ALMAHAQERI-Taha-Mohammed-Mohammed-3007832/,TAHA MOHAMMED MOHAMMED,ALMAHAQERI,YEM,Table Tennis,01/01/1993,Sana'a - YEM,Yemen,25,165,"5'5""",65,143,0,0,0,"[('Coach', 'Nabil Dhmari [national] (Yemeni Table Tennis Association Facebook page, 26 Jul 2018)'), ('Languages', 'Arabic'), ('Highlights', 'RankEventYearLocationWorld Championships65Team2016Kuala Lumpur, MAS77Team2014Tokyo, JPN87Team2012Dortmund, GER89Team2010Moscow, RUSAsian Championships18Team2015Bangkok, THA1st RoundSingles2015Bangkok, THA')]",['https://www.facebook.com/profile.php?id=100007391177336'],https://externalmodules.asiangames2018.id/en/25/bio/athletes/bio_3007832.html
https://en.asiangames2018.id/athletes/athlete/ALQUHALI-Mohammed-Hasan-Mohammed-G-3006208/,MOHAMMED HASAN MOHAMMED GABER,ALQUHALI,YEM,Wrestling,01/01/1995,SANA'A,Yemen,23,180,"5'11""",74,163,0,0,0,"[('Beginning', ""He first tried the sport in 2007 at the Police Club in Sana'a, Yemen (Athlete, 17 Aug 2018)""), ('Reason', '""I saw my friends wrestling and this encourage me to try the sport."" (Athlete, 17 Aug 2018)'), ('Coach', 'Thabet Noman [national], IRQ, from 2008 (Athlete, 17 Aug 2018)'), ('Hero', 'His brothers Beshir and Hussein. (Athlete, 17 Aug 2018)'), ('Influence', 'His mother. (Athlete, 17 Aug 2018)'), ('Highlights', 'WRESTLING FREESTYLERankEventYearLocationAsian Games12Freestyle 74 kg2014Incheon, KORWRESTLING GRECO-ROMANRankEventYearLocationAsian Games5Greco-Roman 80 kg2014Incheon, KOR')]",[],https://externalmodules.asiangames2018.id/en/25/bio/athletes/bio_3006208.html
https://en.asiangames2018.id/athletes/athlete/ALRAHOMI-Saddam-Hussein-Hussein-3006433/,SADDAM HUSSEIN HUSSEIN,ALRAHOMI,YEM,Wushu,08/28/1991,SANA'A,Yemen,27,170,"5'7""",60,132,0,0,0,"[('Coach', 'Zou Rong [personal] (Athlete, 17 Aug 2018)'), ('Memorable', 'Winning a bronze medal at the 2013 Islamic Solidarity Games in Palembang, Indonesia. (Athlete, 17 Aug 2018)'), ('Education', 'Business Administration'), ('Languages', 'Arabic, English'), ('Hobbies', 'Reading, swimming, boxing, football, boxing. (Athlete, 17 Aug 2018)')]",[],https://externalmodules.asiangames2018.id/en/25/bio/athletes/bio_3006433.html
https://en.asiangames2018.id/athletes/athlete/ALSABRI-Gamal-Mohammed-Yahya-3005937/,GAMAL MOHAMMED YAHYA,ALSABRI,YEM,Wrestling,07/07/1998,,Yemen,20,165,"5'5""",58,128,0,0,0,[],[],https://externalmodules.asiangames2018.id/en/25/bio/athletes/bio_3005937.html
https://en.asiangames2018.id/athletes/athlete/ALYAMANI-Mokhtar-3007314/,MOKHTAR ALI ABDULHADI ABDULLAH,ALYAMANI,YEM,Swimming,05/12/1997,NEWYORK,United States,21,175,"5'9""",65,143,0,0,0,"[('Beginning', 'He began swimming at age three in Japan. (Athlete, 17 Aug 2018)'), ('Reason', 'He almost drowned in the ocean so his parents enrolled him in swimming lessons. (Athlete, 17 Aug 2018)'), ('Coach', 'Mike Bottom [club]; Josh White [club] (swimswam.com, 24 Feb 2018; Athlete, 17 Aug 2018)'), ('Ambition', 'To compete at the 2020 Olympic Games in Tokyo. (michigandaily.com, 05 Feb 2017)'), ('Memorable', 'Winning bronze in the 100m butterfly at the 2018 Arab Championship in Rades, Tunisia. (Athlete, 17 Aug 2018)'), ('Additional Information', ""GeneralFAMILY BACKGROUNDBorn in New York, NY, United States of America, to a Yemeni father and Japanese mother, he was raised in Tokyo, Japan, where he studied at St Mary's International School, before moving to the United States of America to study at the University of Michigan in Ann Arbor in 2015. (mgoblue.com, 21 Mar 2018; Michigan Men's Swimming and Diving Facebook page, 09 Feb 2017)RESIDENCEHe divides his time between Tokyo, Japan, and Ann Arbor, MI, United States of America. (Twitter profile, 25 Jul 2018) ""), ('Influence', 'Danish swimmer Anders Lie Nielsen. (Athlete, 17 Aug 2018)'), ('Education', 'International Studies - University of Michigan, Detroit, MI, USA'), ('Languages', 'Arabic, English, Japanese'), ('Hobbies', 'Cooking, photography. (Athlete, 17 Aug 2018)'), ('Highlights', 'RankEventYearLocationResultWorld ChampionshipsHeats100m Freestyle2017Budapest, HUN51.19Heats200m Freestyle2017Budapest, HUN1:49.87World Championships Short CourseHeats50m Freestyle2016Windsor, ON, CAN23.10Heats100m Freestyle2016Windsor, ON, CAN49.55Heats200m Freestyle2016Windsor, ON, CAN1:47.78')]","['https://twitter.com/MokhtarASwims', 'https://instagram.com/mokhtara/', 'https://www.facebook.com/mokhtar.alyamani', 'https://instagram.com/mokhtara/']",https://externalmodules.asiangames2018.id/en/25/bio/athletes/bio_3007314.html
https://en.asiangames2018.id/athletes/athlete/AYASH-Ahmed-Salem-Salem-3006709/,Ahmed Salem Salem,AYASH,YEM,Judo,01/01/1994,Al-Hudidah,Yemen,24,176,"5'9""",73,161,0,0,0,"[('Highlights', 'JUDORankEventYearLocationGrand Prix17-73 kg2018Agadir, MAR17-73 kg2015Samsun, TURIJF World Ranking391-73 kg2018KURASHRankEventYearLocationAsian Indoor and Martial Arts Games5-73kg2017Ashgabat, TKM')]",[],https://externalmodules.asiangames2018.id/en/25/bio/athletes/bio_3006709.html
https://en.asiangames2018.id/athletes/athlete/AYASH-Ahmed-Salem-Salem-3006709/,Ahmed Salem Salem,AYASH,YEM,Judo,01/01/1994,Al-Hudidah,Yemen,24,176,"5'9""",73,161,0,0,0,"[('Highlights', 'JUDORankEventYearLocationGrand Prix17-73 kg2018Agadir, MAR17-73 kg2015Samsun, TURIJF World Ranking391-73 kg2018KURASHRankEventYearLocationAsian Indoor and Martial Arts Games5-73kg2017Ashgabat, TKM')]",[],https://externalmodules.asiangames2018.id/en/25/bio/athletes/bio_3006709.html
https://en.asiangames2018.id/athletes/athlete/BA-MATRAF-Nooran-Ahmed-Ali-3007318/,NOORAN AHMED ALI,BA MATRAF,YEM,Swimming,11/25/1999,GEORGIA,United States,18,170,"5'7""",65,143,0,0,0,"[('Highlights', 'RankEventYearLocationResultOlympic GamesHeats100m Butterfly2016Rio de Janeiro, BRA1:11.16World ChampionshipsHeats100m Backstroke2017Budapest, HUN1:12.38Heats200m Individual Medley2017Budapest, HUN2:37.21Heats200m Breaststroke2015Kazan, RUS3:07.78Heats100m Butterfly2015Kazan, RUS1:14.43')]",[],https://externalmodules.asiangames2018.id/en/25/bio/athletes/bio_3007318.html
https://en.asiangames2018.id/athletes/athlete/GARFAN-Ahmed-Abdullah-Salem-3006671/,AHMED ABDULLAH SALEM,GARFAN,YEM,Karate,05/15/1994,JEDDAH-KSA,Kingdom of Saudi Arabia,24,165,"5'5""",67,148,0,0,0,"[('Beginning', 'He took up the sport in 2004 in Saudi Arabia. (Athlete, 26 Aug 2018)'), ('Reason', 'He wanted to learn self-defence. (Athlete, 26 Aug 2018)'), ('Coach', 'Ali Zahrani [personal], KSA, from 2010 (Athlete, 26 Aug 2018)'), ('Influence', 'His parents. (Athlete, 26 Aug 2018)'), ('Languages', 'Arabic, English'), ('Highlights', 'RankEventYearLocationWorld Ranking (as of 01 Aug 2018)178-67kg2018')]",[],https://externalmodules.asiangames2018.id/en/25/bio/athletes/bio_3006671.html
https://en.asiangames2018.id/athletes/athlete/GUBRAN-Ebrahim-Abdulhakim-Mohammed-3012494/,EBRAHIM ABDULHAKIM MOHAMMED,GUBRAN,YEM,Table Tennis,08/10/2006,Sana'a - YEM,Yemen,12,160,"5'3""",48,106,0,0,0,[],[],https://externalmodules.asiangames2018.id/en/25/bio/athletes/bio_3012494.html
https://en.asiangames2018.id/athletes/athlete/GUBRAN-Fahd-Abdulhakim-Mohammed-3007324/,FAHD ABDULHAKIM MOHAMMED,GUBRAN,YEM,Table Tennis,04/08/1990,Sana'a - YEM,Yemen,28,175,"5'9""",68,150,0,0,0,"[('Coach', 'Nabil Dhmari [national] (Yemeni Table Tennis Association Facebook page, 26 Jul 2018)'), ('Relatives', 'His son Ebrahim has represented Yemen in table tennis at elite junior level at the 2018 Oman Open. (ittf.com, 11 Feb 2018; Facebook profile, 22 Apr 2012)'), ('Languages', 'Arabic, English'), ('Highlights', ""RankEventYearLocationAsian Games13Team2006Doha, QATGroup stageTeam2014Incheon, KOR2nd RoundMen's Doubles2014Incheon, KOR1st RoundMen's Doubles2006Doha, QATWorld Championships65Team2016Kuala Lumpur, MAS75Team2008Guangzhou, CHN77Team2014Tokyo, JPN77Team2006Bremen, GER"")]","['https://instagram.com/fahdgubran/', 'https://www.facebook.com/fahd.gubran1', 'https://instagram.com/fahdgubran/', 'https://www.youtube.com/channel/UCTuA6De4dGDjrI0wCYXCc8A']",https://externalmodules.asiangames2018.id/en/25/bio/athletes/bio_3007324.html
https://en.asiangames2018.id/athletes/athlete/KHOUSROF-Ali-Mohsen-Ali-3004324/,Ali Mohsen Ali,KHOUSROF,YEM,Judo,03/05/1992,SANA'A,Yemen,26,163,"5'4""",60,132,0,0,0,"[('Beginning', 'He took up judo at age five. (guardian.co.uk, 15 Apr 2012)'), ('Reason', '""I fell in love with judo when I was five because I saw it as my calling."" (guardian.co.uk, 15 Apr 2012)'), ('Additional Information', 'GeneralARAB SPRING INJURYIn 2011 he was shot in the abdomen while participating in the Arab Spring uprising. The bullet shattered into 11 pieces, preventing him from training for nearly eight months and severely impacting his performances leading up to and at the 2012 Olympic Games in London. (guardian.co.uk, 15 Apr 2012) '), ('Languages', 'Arabic, English'), ('Highlights', 'JUDORankEventYearLocationAsian Games9-60 kg2010Guangzhou, CHN10-60 kg2006Doha, QAT17-60 kg2014Incheon, KOROlympic Games17-60 kg2012London, GBR21-60 kg2008Beijing, CHNWorld Championships9-60 kg2010Tokyo, JPN33-60 kg2014Chelyabinsk, RUS33-60 kg2013Rio de Janeiro, BRA37-60 kg2007Rio de Janeiro, BRAGrand Slam17-60 kg2015Abu Dhabi, UAEGrand Prix7-60 kg2015Samsun, TUR9-60 kg2018Agadir, MAR9-60 kg2015Tashkent, UZB17-60 kg2016Almaty, KAZ17-60 kg2015Jeju, KOR17-60 kg2015Qingdao, CHNWorld Cup9-60 kg2015Casablanca, MARAsian Championships9-60 kg2016Tashkent, UZBIJF World Ranking (as of 01 Aug 2018)315-60 kg2018JU-JITSURankEventYearLocationAsian Indoor and Martial Arts Games9Newaza -62kg2017Ashgabat, TKMSAMBORankEventYearLocationAsian Indoor and Martial Arts Games962kg2017Ashgabat, TKM')]",[],https://externalmodules.asiangames2018.id/en/25/bio/athletes/bio_3004324.html
https://en.asiangames2018.id/athletes/athlete/KHOUSROF-Ali-Mohsen-Ali-3004324/,Ali Mohsen Ali,KHOUSROF,YEM,Judo,03/05/1992,SANA'A,Yemen,26,163,"5'4""",60,132,0,0,0,"[('Beginning', 'He took up judo at age five. (guardian.co.uk, 15 Apr 2012)'), ('Reason', '""I fell in love with judo when I was five because I saw it as my calling."" (guardian.co.uk, 15 Apr 2012)'), ('Additional Information', 'GeneralARAB SPRING INJURYIn 2011 he was shot in the abdomen while participating in the Arab Spring uprising. The bullet shattered into 11 pieces, preventing him from training for nearly eight months and severely impacting his performances leading up to and at the 2012 Olympic Games in London. (guardian.co.uk, 15 Apr 2012) '), ('Languages', 'Arabic, English'), ('Highlights', 'JUDORankEventYearLocationAsian Games9-60 kg2010Guangzhou, CHN10-60 kg2006Doha, QAT17-60 kg2014Incheon, KOROlympic Games17-60 kg2012London, GBR21-60 kg2008Beijing, CHNWorld Championships9-60 kg2010Tokyo, JPN33-60 kg2014Chelyabinsk, RUS33-60 kg2013Rio de Janeiro, BRA37-60 kg2007Rio de Janeiro, BRAGrand Slam17-60 kg2015Abu Dhabi, UAEGrand Prix7-60 kg2015Samsun, TUR9-60 kg2018Agadir, MAR9-60 kg2015Tashkent, UZB17-60 kg2016Almaty, KAZ17-60 kg2015Jeju, KOR17-60 kg2015Qingdao, CHNWorld Cup9-60 kg2015Casablanca, MARAsian Championships9-60 kg2016Tashkent, UZBIJF World Ranking (as of 01 Aug 2018)315-60 kg2018JU-JITSURankEventYearLocationAsian Indoor and Martial Arts Games9Newaza -62kg2017Ashgabat, TKMSAMBORankEventYearLocationAsian Indoor and Martial Arts Games962kg2017Ashgabat, TKM')]",[],https://externalmodules.asiangames2018.id/en/25/bio/athletes/bio_3004324.html
https://en.asiangames2018.id/athletes/athlete/MATER-Zeyad-Abdulkareem-Mohamme-3012677/,ZEYAD ABDULKAREEM MOHAMMED,MATER,YEM,Ju-Jitsu,12/18/1991,Sana'a - YEM,Yemen,26,179,"5'10""",81,179,0,0,0,"[('Additional Information', 'Preferred techniquesOsoto-gari (IJF, 17 Jul 2016)'), ('Education', ""Sana'a University, Yemen DR""), ('Languages', 'Arabic'), ('Highlights', 'RankEventYearLocationAsian Games7-73 kg2014Incheon, KOROlympic Games17-73 kg2016Rio de Janeiro, BRAWorld Championships33-73 kg2014Chelyabinsk, RUS33-73 kg2013Rio de Janeiro, BRA33-73 kg2011Paris, FRA33-73 kg2010Tokyo, JPNGrand Slam33-73 kg2015Tokyo, JPN33-73 kg2015Abu Dhabi, UAEGrand Prix17-73 kg2016Almaty, KAZ32-73 kg2015Jeju, KOR32-73 kg2015Samsun, TUR33-73 kg2015Qingdao, CHN33-73 kg2015Tashkent, UZBWorld Cup17-73 kg2015Casablanca, MARAsian Championships17-73 kg2016Tashkent, UZB')]",['https://www.facebook.com/zeyad.mater.9'],https://externalmodules.asiangames2018.id/en/25/bio/athletes/bio_3012677.html
https://en.asiangames2018.id/athletes/athlete/MATER-Zeyad-Abdulkareem-Mohamme-3012677/,ZEYAD ABDULKAREEM MOHAMMED,MATER,YEM,Ju-Jitsu,12/18/1991,Sana'a - YEM,Yemen,26,179,"5'10""",81,179,0,0,0,"[('Additional Information', 'Preferred techniquesOsoto-gari (IJF, 17 Jul 2016)'), ('Education', ""Sana'a University, Yemen DR""), ('Languages', 'Arabic'), ('Highlights', 'RankEventYearLocationAsian Games7-73 kg2014Incheon, KOROlympic Games17-73 kg2016Rio de Janeiro, BRAWorld Championships33-73 kg2014Chelyabinsk, RUS33-73 kg2013Rio de Janeiro, BRA33-73 kg2011Paris, FRA33-73 kg2010Tokyo, JPNGrand Slam33-73 kg2015Tokyo, JPN33-73 kg2015Abu Dhabi, UAEGrand Prix17-73 kg2016Almaty, KAZ32-73 kg2015Jeju, KOR32-73 kg2015Samsun, TUR33-73 kg2015Qingdao, CHN33-73 kg2015Tashkent, UZBWorld Cup17-73 kg2015Casablanca, MARAsian Championships17-73 kg2016Tashkent, UZB')]",['https://www.facebook.com/zeyad.mater.9'],https://externalmodules.asiangames2018.id/en/25/bio/athletes/bio_3012677.html
https://en.asiangames2018.id/athletes/athlete/MONES-Abdulelah-Hezam-Saleh-3007838/,ABDULELAH HEZAM SALEH,MONES,YEM,Ju-Jitsu,03/02/1999,Sana'a - YEM,Yemen,19,172,"5'8""",66,146,0,0,0,[],[],https://externalmodules.asiangames2018.id/en/25/bio/athletes/bio_3007838.html
https://en.asiangames2018.id/athletes/athlete/MONES-Abdulelah-Hezam-Saleh-3007838/,ABDULELAH HEZAM SALEH,MONES,YEM,Ju-Jitsu,03/02/1999,Sana'a - YEM,Yemen,19,172,"5'8""",66,146,0,0,0,[],[],https://externalmodules.asiangames2018.id/en/25/bio/athletes/bio_3007838.html
https://en.asiangames2018.id/athletes/athlete/MUNASSAR-Naseem-Ahmed-Hussein-Ali-3005904/,Naseem Ahmed Hussein Ali,Munassar,YEM,Athletics,06/21/1998,,Yemen,20,182,"6'0""",70,154,0,0,0,"[('Beginning', 'He took up athletics in 2013 in Dhamar, Yemen. (Athlete, 29 Aug 2018)'), ('Coach', 'Samir Al-Yefai [national], YEM (Athlete, 29 Aug 2018)'), ('Influence', 'His father. (Athlete, 29 Aug 2018)'), ('Injuries', 'He underwent knee surgery for the second time in June 2017. (almushahid.net, 01 Jun 2017)'), ('Languages', 'Arabic'), ('Hobbies', 'Handball. (Athlete, 29 Aug 2018)')]",[],https://externalmodules.asiangames2018.id/en/25/bio/athletes/bio_3005904.html
https://en.asiangames2018.id/athletes/athlete/SALEM-Mohammed-Gamal-Awadh-3015364/,Mohammed Gamal Awadh,SALEM,YEM,Judo,02/11/2001,ADEN-YEM,Yemen,17,169,"5'7""",66,146,0,0,0,[],[],https://externalmodules.asiangames2018.id/en/25/bio/athletes/bio_3015364.html
https://en.asiangames2018.id/athletes/athlete/SALEM-Mohammed-Gamal-Awadh-3015364/,Mohammed Gamal Awadh,SALEM,YEM,Judo,02/11/2001,ADEN-YEM,Yemen,17,169,"5'7""",66,146,0,0,0,[],[],https://externalmodules.asiangames2018.id/en/25/bio/athletes/bio_3015364.html
https://en.asiangames2018.id/athletes/athlete/SHAIF-Adnan-Nabil-Abdulqawi-3006760/,ADNAN NABIL ABDULQAWI,SHAIF,YEM,Karate,02/17/1998,TAIZ,Yemen,20,174,"5'9""",75,165,0,0,0,"[('Beginning', 'He took up the sport in 2011 at the El-Rashid Club in Taizz, Yemen. (Athlete, 26 Aug 2018)'), ('Reason', 'He wanted to learn self-defence. (Athlete, 26 Aug 2018)'), ('Coach', 'Ahmed Al-Ridai [national]; Mohamed Khaled El-Sharaby [personal], YEM, from 2011 (sahafah24.net, 21 Apr 2018; Athlete, 26 Aug 2018)'), ('Hero', 'His personal coach Mohamed Khaled El-Sharaby. (Athlete, 26 Aug 2018)'), ('Influence', 'His father. (Athlete, 26 Aug 2018)'), ('Education', 'Engineering - Paris West University Nanterre La Defense, France'), ('Languages', 'Arabic, English, French'), ('Hobbies', 'Going to the theatre, drawing. (Athlete, 26 Aug 2018)'), ('Highlights', 'RankEventYearLocationWorld Championships21-60kg2016Linz, AUTKarate 1 Premier League37-67kg2017Dubai, UAEWorld Ranking (as of 01 Aug 2018)202-60kg2018')]",[],https://externalmodules.asiangames2018.id/en/25/bio/athletes/bio_3006760.html
